coast,system_total,date,LMP,location,wind_forecast_mw,solar_forecast_mw,temp,humidity,dew,precip,snow,windspeed,pressure,visibility,cloudcover,solarradiation,solarenergy,year,month,day,dayofweek,hour,is_weekend,lmp
17433.4004,66959.2399,2025-10-10 18:00:00-05:00,85.54,HB_HOUSTON,6549.39,164.16,88.1,28.11,51.0,0.0,0.0,5.8,1016.0,10.1,1.0,215.0,0.8,2025,10,10,4,18,0,
16865.4004,64199.0801,2025-10-10 19:00:00-05:00,81.44,HB_HOUSTON,9396.9,2.62,81.9,34.2,51.0,0.0,0.0,5.8,1016.0,10.1,2.0,84.0,0.3,2025,10,10,4,19,0,
16329.2002,62408.3305,2025-10-10 20:00:00-05:00,52.72,HB_HOUSTON,12702.64,0.0,81.1,35.22,51.0,0.0,0.0,5.8,1017.0,10.1,1.0,0.0,0.0,2025,10,10,4,20,0,
15735.0996,60328.1602,2025-10-10 21:00:00-05:00,39.82,HB_HOUSTON,15545.54,0.0,79.1,37.57,51.0,0.0,0.0,5.8,1018.0,10.1,2.0,0.0,0.0,2025,10,10,4,21,0,
14880.5,57414.6802,2025-10-10 22:00:00-05:00,30.34,HB_HOUSTON,17994.71,0.0,76.9,45.15,54.1,0.0,0.0,5.8,1018.0,10.1,2.0,0.0,0.0,2025,10,10,4,22,0,
13979.2998,54211.7697,2025-10-10 23:00:00-05:00,26.55,HB_HOUSTON,19622.97,0.0,74.9,48.23,54.1,0.0,0.0,5.8,1018.0,10.1,1.0,0.0,0.0,2025,10,10,4,23,0,
13206.2002,51314.151,2025-10-11 00:00:00-05:00,28.77,HB_HOUSTON,20422.41,0.0,74.0,49.7,54.1,0.0,0.0,5.8,1017.0,10.1,1.0,0.0,0.0,2025,10,11,5,0,1,
12558.4004,48836.0812,2025-10-11 01:00:00-05:00,26.22,HB_HOUSTON,20520.09,0.0,72.1,53.13,54.1,0.0,0.0,5.8,1017.0,10.1,3.0,0.0,0.0,2025,10,11,5,1,1,
12062.2998,47010.3591,2025-10-11 02:00:00-05:00,24.84,HB_HOUSTON,20009.44,0.0,70.1,56.82,54.1,0.0,0.0,5.8,1018.0,10.1,2.0,0.0,0.0,2025,10,11,5,2,1,
11795.0,45864.4496,2025-10-11 03:00:00-05:00,23.79,HB_HOUSTON,19330.62,0.0,69.0,58.96,54.1,0.0,0.0,5.8,1018.0,10.1,3.0,0.0,0.0,2025,10,11,5,3,1,
11599.0996,45197.4597,2025-10-11 04:00:00-05:00,23.01,HB_HOUSTON,18660.9,0.0,67.9,61.18,54.1,0.0,0.0,5.8,1017.0,10.1,4.0,0.0,0.0,2025,10,11,5,4,1,
11560.0,44904.7798,2025-10-11 05:00:00-05:00,23.6,HB_HOUSTON,18104.63,0.0,67.0,63.11,54.1,0.0,0.0,5.8,1016.0,10.1,4.0,0.0,0.0,2025,10,11,5,5,1,
11675.0,45304.6197,2025-10-11 06:00:00-05:00,24.67,HB_HOUSTON,17623.24,0.0,65.9,65.52,54.1,0.0,0.0,5.8,1016.0,10.1,3.0,0.0,0.0,2025,10,11,5,6,1,
11784.5996,45890.9395,2025-10-11 07:00:00-05:00,26.73,HB_HOUSTON,17129.32,9.45,65.0,67.6,54.1,0.0,0.0,5.8,1017.0,10.1,4.0,0.0,0.0,2025,10,11,5,7,1,
12527.7998,48693.3994,2025-10-11 08:00:00-05:00,17.98,HB_HOUSTON,16527.64,189.43,65.9,67.7,54.9,0.0,0.0,5.8,1017.0,10.1,3.0,67.0,0.2,2025,10,11,5,8,1,
13840.4004,53856.6712,2025-10-11 09:00:00-05:00,13.48,HB_HOUSTON,14628.72,495.27,71.0,59.22,56.0,0.0,0.0,5.8,1018.0,10.1,2.0,251.0,0.9,2025,10,11,5,9,1,
14618.2002,56487.9596,2025-10-11 10:00:00-05:00,13.53,HB_HOUSTON,13790.9,693.05,74.9,53.54,56.9,0.0,0.0,5.8,1017.0,10.1,3.0,430.0,1.5,2025,10,11,5,10,1,
15128.5,58318.6899,2025-10-11 11:00:00-05:00,13.88,HB_HOUSTON,14894.39,797.1,79.1,46.68,56.9,0.0,0.0,5.8,1017.0,10.1,3.0,581.0,2.1,2025,10,11,5,11,1,
15862.7998,60790.2104,2025-10-11 12:00:00-05:00,16.0,HB_HOUSTON,16099.67,834.92,81.9,41.13,56.0,0.0,0.0,5.8,1017.0,10.1,4.0,684.0,2.5,2025,10,11,5,12,1,
16660.4004,63897.2895,2025-10-11 13:00:00-05:00,20.41,HB_HOUSTON,17389.67,843.59,83.0,39.72,56.0,0.0,0.0,5.8,1016.0,10.1,5.0,735.0,2.6,2025,10,11,5,13,1,
17424.5,66856.2697,2025-10-11 14:00:00-05:00,26.08,HB_HOUSTON,18782.48,813.81,85.0,35.83,54.9,0.0,0.0,4.7,1015.0,10.1,7.0,804.0,2.9,2025,10,11,5,14,1,
17987.5996,69196.3595,2025-10-11 15:00:00-05:00,31.18,HB_HOUSTON,20032.74,738.78,87.0,32.55,54.1,0.0,0.0,4.7,1014.0,10.1,10.0,716.0,2.6,2025,10,11,5,15,1,
17461.0996,69015.5994,2025-10-11 16:00:00-05:00,30.05,HB_HOUSTON,20591.97,590.27,87.0,32.55,54.1,0.0,0.0,5.8,1013.0,10.1,4.0,580.0,2.1,2025,10,11,5,16,1,
17426.5996,68444.5695,2025-10-11 17:00:00-05:00,34.84,HB_HOUSTON,21332.98,401.49,85.9,33.69,54.1,0.0,0.0,5.8,1012.0,10.1,1.0,407.0,1.5,2025,10,11,5,17,1,
16489.4004,64998.831,2025-10-11 18:00:00-05:00,51.96,HB_HOUSTON,22198.34,121.85,83.9,35.9,54.1,0.0,0.0,5.8,1011.0,10.1,1.0,211.0,0.8,2025,10,11,5,18,1,
16046.2002,62492.421,2025-10-11 19:00:00-05:00,45.78,HB_HOUSTON,23711.12,1.4,81.1,42.35,56.0,0.0,0.0,5.8,1012.0,10.1,5.0,83.0,0.3,2025,10,11,5,19,1,
15646.0,60414.8309,2025-10-11 20:00:00-05:00,34.38,HB_HOUSTON,25710.52,0.0,79.1,46.68,56.9,0.0,0.0,4.7,1012.0,10.1,3.0,0.0,0.0,2025,10,11,5,20,1,
15130.2002,58387.63,2025-10-11 21:00:00-05:00,26.44,HB_HOUSTON,27128.0,0.0,76.0,55.45,58.9,0.0,0.0,4.7,1013.0,10.1,7.0,0.0,0.0,2025,10,11,5,21,1,
14411.7998,55801.6395,2025-10-11 22:00:00-05:00,23.44,HB_HOUSTON,27922.22,0.0,74.9,62.08,61.1,0.0,0.0,4.7,1012.0,10.1,17.0,0.0,0.0,2025,10,11,5,22,1,
13692.5996,52993.8693,2025-10-11 23:00:00-05:00,22.49,HB_HOUSTON,28222.39,0.0,74.0,66.04,62.0,0.0,0.0,3.4,1012.0,10.1,10.0,0.0,0.0,2025,10,11,5,23,1,
12287.9004,49227.4903,2025-10-12 00:00:00-05:00,22.08,HB_HOUSTON,28359.63,0.0,72.1,70.6,62.0,0.0,0.0,2.2,1012.0,10.1,5.0,0.0,0.0,2025,10,12,6,0,1,
11734.7998,47103.28,2025-10-12 01:00:00-05:00,20.61,HB_HOUSTON,28598.41,0.0,71.0,76.07,63.1,0.0,0.0,2.2,1012.0,10.1,6.0,0.0,0.0,2025,10,12,6,1,1,
11331.7002,45734.0504,2025-10-12 02:00:00-05:00,18.39,HB_HOUSTON,28608.16,0.0,71.0,76.07,63.1,0.0,0.0,2.2,1012.0,10.1,6.0,0.0,0.0,2025,10,12,6,2,1,
11001.7998,44572.2395,2025-10-12 03:00:00-05:00,18.24,HB_HOUSTON,28402.89,0.0,70.1,78.43,63.1,0.0,0.0,2.2,1012.0,10.1,13.0,0.0,0.0,2025,10,12,6,3,1,
10860.0996,43935.7796,2025-10-12 04:00:00-05:00,16.58,HB_HOUSTON,28371.7,0.0,70.1,78.43,63.1,0.0,0.0,2.2,1012.0,10.1,6.0,0.0,0.0,2025,10,12,6,4,1,
10772.2002,43401.6099,2025-10-12 05:00:00-05:00,16.11,HB_HOUSTON,28416.5,0.0,69.0,78.34,62.0,0.0,0.0,1.1,1012.0,10.1,6.0,0.0,0.0,2025,10,12,6,5,1,
10835.5996,43541.7594,2025-10-12 06:00:00-05:00,17.76,HB_HOUSTON,28292.79,0.0,69.0,78.34,62.0,0.0,0.0,1.1,1012.0,10.1,3.0,0.0,0.0,2025,10,12,6,6,1,
10860.2998,43893.5799,2025-10-12 07:00:00-05:00,16.87,HB_HOUSTON,27984.79,8.98,67.9,84.45,63.1,0.0,0.0,1.1,1012.0,10.1,4.0,0.0,0.0,2025,10,12,6,7,1,
11788.4004,46958.4096,2025-10-12 08:00:00-05:00,10.25,HB_HOUSTON,27928.17,169.22,69.0,81.38,63.1,0.0,0.0,2.2,1012.0,8.0,3.0,63.0,0.2,2025,10,12,6,8,1,
13328.0,52754.4802,2025-10-12 09:00:00-05:00,6.31,HB_HOUSTON,27070.28,430.38,74.0,70.8,63.9,0.0,0.0,2.2,1012.0,10.1,3.0,244.0,0.9,2025,10,12,6,9,1,
14244.5996,56165.3891,2025-10-12 10:00:00-05:00,6.44,HB_HOUSTON,26636.96,600.38,79.1,62.2,65.0,0.0,0.0,2.2,1012.0,10.1,3.0,417.0,1.5,2025,10,12,6,10,1,
14869.0996,58421.0097,2025-10-12 11:00:00-05:00,10.03,HB_HOUSTON,26635.19,694.33,81.9,54.52,63.9,0.0,0.0,2.2,1012.0,10.1,3.0,564.0,2.0,2025,10,12,6,11,1,
15403.5996,60400.6293,2025-10-12 12:00:00-05:00,17.86,HB_HOUSTON,26319.83,722.07,85.0,46.08,62.0,0.0,0.0,3.4,1012.0,10.1,4.0,662.0,2.4,2025,10,12,6,12,1,
16187.2998,63467.8186,2025-10-12 13:00:00-05:00,23.79,HB_HOUSTON,25933.82,731.33,85.9,43.37,61.1,0.0,0.0,4.7,1011.0,10.1,7.0,702.0,2.5,2025,10,12,6,13,1,
16890.3008,66026.5613,2025-10-12 14:00:00-05:00,28.9,HB_HOUSTON,25684.18,703.47,88.1,37.49,58.9,0.0,0.0,5.8,1010.0,10.1,11.0,772.0,2.8,2025,10,12,6,14,1,
17359.8008,68020.3104,2025-10-12 15:00:00-05:00,33.71,HB_HOUSTON,25509.04,625.93,88.1,37.49,58.9,0.0,0.0,5.8,1010.0,10.1,10.0,703.0,2.5,2025,10,12,6,15,1,
17484.3008,69297.9605,2025-10-12 16:00:00-05:00,35.74,HB_HOUSTON,25181.58,513.25,88.1,37.49,58.9,0.0,0.0,6.9,1009.0,10.1,10.0,542.0,2.0,2025,10,12,6,16,1,
17116.0,68708.8297,2025-10-12 17:00:00-05:00,46.16,HB_HOUSTON,24571.17,321.09,87.0,38.8,58.9,0.0,0.0,6.9,1009.0,10.1,4.0,372.0,1.3,2025,10,12,6,17,1,
16223.5996,65178.4097,2025-10-12 18:00:00-05:00,68.42,HB_HOUSTON,22797.43,55.04,81.9,49.26,61.1,0.0,0.0,8.1,1008.0,10.1,10.0,198.0,0.7,2025,10,12,6,18,1,
15661.2002,62917.7908,2025-10-12 19:00:00-05:00,66.06,HB_HOUSTON,22629.41,0.45,79.1,55.87,62.0,0.0,0.0,8.1,1009.0,10.1,6.0,81.0,0.3,2025,10,12,6,19,1,
15007.2002,60853.2994,2025-10-12 20:00:00-05:00,39.14,HB_HOUSTON,23405.0,0.0,78.0,57.89,62.0,0.0,0.0,6.9,1010.0,10.1,4.0,0.0,0.0,2025,10,12,6,20,1,
14444.4004,58651.941,2025-10-12 21:00:00-05:00,36.5,HB_HOUSTON,24342.65,0.0,74.9,66.57,63.1,0.0,0.0,5.8,1011.0,10.1,7.0,0.0,0.0,2025,10,12,6,21,1,
13727.7998,55725.2703,2025-10-12 22:00:00-05:00,29.19,HB_HOUSTON,24318.99,0.0,74.0,70.8,63.9,0.0,0.0,5.8,1011.0,10.1,7.0,0.0,0.0,2025,10,12,6,22,1,
13009.7998,52584.0395,2025-10-12 23:00:00-05:00,26.13,HB_HOUSTON,23685.7,0.0,72.9,73.42,63.9,0.0,0.0,4.7,1011.0,10.1,6.0,0.0,0.0,2025,10,12,6,23,1,
12676.5996,50491.0994,2025-10-13 00:00:00-05:00,21.37,HB_HOUSTON,23402.57,0.0,72.1,75.68,63.9,0.0,0.0,4.7,1011.0,10.1,6.0,0.0,0.0,2025,10,13,0,0,0,
12246.7998,48451.1004,2025-10-13 01:00:00-05:00,19.94,HB_HOUSTON,22973.86,0.0,71.0,78.5,63.9,0.0,0.0,3.4,1011.0,10.1,5.0,0.0,0.0,2025,10,13,0,1,0,
11882.2998,46983.5002,2025-10-13 02:00:00-05:00,19.41,HB_HOUSTON,21671.74,0.0,71.0,78.5,63.9,0.0,0.0,3.4,1012.0,10.1,8.0,0.0,0.0,2025,10,13,0,2,0,
11683.5,46089.5597,2025-10-13 03:00:00-05:00,20.95,HB_HOUSTON,20423.58,0.0,69.0,83.99,63.9,0.0,0.0,2.2,1012.0,10.1,11.0,0.0,0.0,2025,10,13,0,3,0,
11720.5,45964.1199,2025-10-13 04:00:00-05:00,22.36,HB_HOUSTON,19207.3,0.0,69.0,83.99,63.9,0.0,0.0,2.2,1011.0,10.1,10.0,0.0,0.0,2025,10,13,0,4,0,
12025.5996,47003.5996,2025-10-13 05:00:00-05:00,26.36,HB_HOUSTON,18019.69,0.0,67.9,84.45,63.1,0.0,0.0,2.2,1012.0,10.1,9.0,0.0,0.0,2025,10,13,0,5,0,
12505.2002,48997.3195,2025-10-13 06:00:00-05:00,35.7,HB_HOUSTON,16990.9,0.0,67.9,87.16,63.9,0.0,0.0,2.2,1013.0,10.1,9.0,0.0,0.0,2025,10,13,0,6,0,
12645.9004,49993.0606,2025-10-13 07:00:00-05:00,39.09,HB_HOUSTON,16096.62,5.24,67.9,87.16,63.9,0.0,0.0,2.2,1013.0,10.1,5.0,0.0,0.0,2025,10,13,0,7,0,
13208.0,51775.6797,2025-10-13 08:00:00-05:00,31.26,HB_HOUSTON,15268.18,81.77,69.0,83.99,63.9,0.0,0.0,2.2,1014.0,9.0,4.0,58.0,0.2,2025,10,13,0,8,0,
14503.0996,55629.0005,2025-10-13 09:00:00-05:00,23.59,HB_HOUSTON,13853.6,242.49,74.0,73.52,65.0,0.0,0.0,3.4,1015.0,10.1,6.0,243.0,0.9,2025,10,13,0,9,0,
15371.5996,58668.5099,2025-10-13 10:00:00-05:00,24.68,HB_HOUSTON,12101.73,343.17,79.1,64.17,65.9,0.0,0.0,4.7,1015.0,10.1,7.0,371.0,1.3,2025,10,13,0,10,0,
16119.2002,61213.2009,2025-10-13 11:00:00-05:00,27.79,HB_HOUSTON,9982.39,419.73,81.1,56.14,63.9,0.0,0.0,5.8,1016.0,10.1,9.0,488.0,1.8,2025,10,13,0,11,0,
16887.8008,63751.6006,2025-10-13 12:00:00-05:00,37.74,HB_HOUSTON,7928.28,448.48,83.9,49.55,63.1,0.0,0.0,5.8,1015.0,10.1,18.0,526.0,1.9,2025,10,13,0,12,0,
17786.8008,66821.6503,2025-10-13 13:00:00-05:00,45.02,HB_HOUSTON,6597.91,444.65,85.0,46.08,62.0,0.0,0.0,6.9,1015.0,10.1,17.0,662.0,2.4,2025,10,13,0,13,0,
18443.1992,69418.9785,2025-10-13 14:00:00-05:00,49.71,HB_HOUSTON,5979.61,412.51,87.0,41.9,61.1,0.0,0.0,8.1,1015.0,10.1,12.0,714.0,2.6,2025,10,13,0,14,0,
18884.6992,71237.1,2025-10-13 15:00:00-05:00,48.98,HB_HOUSTON,5956.42,375.34,87.0,40.32,60.0,0.0,0.0,8.1,1014.0,10.1,15.0,552.0,2.0,2025,10,13,0,15,0,
18955.1992,72040.3886,2025-10-13 16:00:00-05:00,44.29,HB_HOUSTON,6338.43,314.77,85.9,43.37,61.1,0.0,0.0,9.2,1014.0,10.1,13.0,570.0,2.1,2025,10,13,0,16,0,
18601.3008,71349.9093,2025-10-13 17:00:00-05:00,63.64,HB_HOUSTON,7007.4,216.11,85.0,44.63,61.1,0.0,0.0,9.2,1014.0,10.1,6.0,409.0,1.5,2025,10,13,0,17,0,
16922.8008,67322.1712,2025-10-13 18:00:00-05:00,93.79,HB_HOUSTON,4417.68,41.23,83.0,49.11,62.0,0.0,0.0,8.1,1014.0,10.1,4.0,204.0,0.7,2025,10,13,0,18,0,
16474.3008,64790.3604,2025-10-13 19:00:00-05:00,73.92,HB_HOUSTON,5429.12,0.35,80.0,54.25,62.0,0.0,0.0,6.9,1014.0,10.1,4.0,81.0,0.3,2025,10,13,0,19,0,
16005.7998,62882.2107,2025-10-13 20:00:00-05:00,55.63,HB_HOUSTON,6310.02,0.0,79.1,55.87,62.0,0.0,0.0,5.8,1015.0,10.1,3.0,0.0,0.0,2025,10,13,0,20,0,
15416.9004,60604.3701,2025-10-13 21:00:00-05:00,44.06,HB_HOUSTON,6850.44,0.0,76.9,62.32,63.1,0.0,0.0,5.8,1016.0,10.1,3.0,0.0,0.0,2025,10,13,0,21,0,
14540.9004,57374.8404,2025-10-13 22:00:00-05:00,33.7,HB_HOUSTON,7333.11,0.0,74.9,66.57,63.1,0.0,0.0,3.4,1016.0,10.1,5.0,0.0,0.0,2025,10,13,0,22,0,
13582.5996,53777.9594,2025-10-13 23:00:00-05:00,26.89,HB_HOUSTON,7812.43,0.0,74.0,68.6,63.1,0.0,0.0,2.2,1017.0,10.1,2.0,0.0,0.0,2025,10,13,0,23,0,
12809.2002,50716.9902,2025-10-14 00:00:00-05:00,24.53,HB_HOUSTON,8299.08,0.0,72.1,73.33,63.1,0.0,0.0,2.2,1017.0,10.1,2.0,0.0,0.0,2025,10,14,1,0,0,
12268.0996,48551.4,2025-10-14 01:00:00-05:00,23.14,HB_HOUSTON,8510.54,0.0,71.0,78.5,63.9,0.0,0.0,2.2,1017.0,10.1,3.0,0.0,0.0,2025,10,14,1,1,0,
11836.7002,46798.7406,2025-10-14 02:00:00-05:00,22.63,HB_HOUSTON,8608.63,0.0,71.0,78.5,63.9,0.0,0.0,2.2,1017.0,10.1,3.0,0.0,0.0,2025,10,14,1,2,0,
11593.2002,45720.4403,2025-10-14 03:00:00-05:00,22.76,HB_HOUSTON,9100.88,0.0,70.1,80.95,63.9,0.0,0.0,2.2,1017.0,10.1,3.0,0.0,0.0,2025,10,14,1,3,0,
11611.7002,45491.1206,2025-10-14 04:00:00-05:00,24.04,HB_HOUSTON,9764.58,0.0,69.0,83.99,63.9,0.0,0.0,2.2,1017.0,10.1,4.0,0.0,0.0,2025,10,14,1,4,0,
11932.0996,46473.48,2025-10-14 05:00:00-05:00,26.78,HB_HOUSTON,10405.56,0.0,67.9,84.45,63.1,0.0,0.0,2.2,1017.0,10.1,4.0,0.0,0.0,2025,10,14,1,5,0,
12474.0996,48748.3097,2025-10-14 06:00:00-05:00,35.57,HB_HOUSTON,10905.82,0.0,67.9,84.45,63.1,0.0,0.0,2.2,1018.0,10.1,4.0,0.0,0.0,2025,10,14,1,6,0,
12628.5,49543.7797,2025-10-14 07:00:00-05:00,37.84,HB_HOUSTON,11361.52,6.0,67.0,87.12,63.1,0.0,0.0,3.4,1018.0,10.1,5.0,0.0,0.0,2025,10,14,1,7,0,
13195.2998,51416.0295,2025-10-14 08:00:00-05:00,25.51,HB_HOUSTON,11513.69,102.34,67.9,87.16,63.9,0.0,0.0,3.4,1019.0,9.0,4.0,60.0,0.2,2025,10,14,1,8,0,
14426.9004,56027.9712,2025-10-14 09:00:00-05:00,19.9,HB_HOUSTON,10939.65,289.03,74.0,70.8,63.9,0.0,0.0,4.7,1020.0,10.1,3.0,217.0,0.8,2025,10,14,1,9,0,
15138.5996,58554.9894,2025-10-14 10:00:00-05:00,18.98,HB_HOUSTON,10505.61,431.22,78.0,62.06,63.9,0.0,0.0,4.7,1020.0,10.1,5.0,417.0,1.5,2025,10,14,1,10,0,
15952.9004,60547.7098,2025-10-14 11:00:00-05:00,21.18,HB_HOUSTON,11103.42,521.57,81.1,54.4,63.1,0.0,0.0,5.8,1020.0,10.1,8.0,564.0,2.0,2025,10,14,1,11,0,
16823.5996,63191.0699,2025-10-14 12:00:00-05:00,25.44,HB_HOUSTON,11880.05,587.26,85.0,44.63,61.1,0.0,0.0,5.8,1019.0,10.1,8.0,668.0,2.4,2025,10,14,1,12,0,
17738.0,66256.3399,2025-10-14 13:00:00-05:00,32.22,HB_HOUSTON,12259.29,619.92,85.9,41.74,60.0,0.0,0.0,5.8,1018.0,10.1,5.0,717.0,2.6,2025,10,14,1,13,0,
18440.5996,69073.9099,2025-10-14 14:00:00-05:00,37.02,HB_HOUSTON,12210.72,618.75,89.0,35.29,58.0,0.0,0.0,5.8,1017.0,10.1,7.0,785.0,2.8,2025,10,14,1,14,0,
19003.3008,71281.5995,2025-10-14 15:00:00-05:00,40.17,HB_HOUSTON,12114.89,591.23,89.0,33.94,56.9,0.0,0.0,5.8,1017.0,10.1,8.0,708.0,2.5,2025,10,14,1,15,0,
19248.5,72592.0287,2025-10-14 16:00:00-05:00,38.9,HB_HOUSTON,12088.21,527.65,89.0,33.94,56.9,0.0,0.0,5.8,1017.0,10.1,6.0,579.0,2.1,2025,10,14,1,16,0,
18941.5996,71757.0191,2025-10-14 17:00:00-05:00,58.91,HB_HOUSTON,12177.75,375.6,89.0,33.94,56.9,0.0,0.0,5.8,1016.0,10.1,3.0,414.0,1.5,2025,10,14,1,17,0,
17149.0,65935.8998,2025-10-14 18:00:00-05:00,102.42,HB_HOUSTON,9483.53,117.02,87.0,34.98,56.0,0.0,0.0,4.7,1016.0,10.1,5.0,195.0,0.7,2025,10,14,1,18,0,
16662.0,63667.3586,2025-10-14 19:00:00-05:00,93.12,HB_HOUSTON,10757.34,0.79,83.9,37.1,54.9,0.0,0.0,5.8,1016.0,10.1,6.0,80.0,0.3,2025,10,14,1,19,0,
16182.0,62183.9303,2025-10-14 20:00:00-05:00,62.36,HB_HOUSTON,12856.69,0.0,81.9,41.13,56.0,0.0,0.0,3.4,1017.0,10.1,5.0,0.0,0.0,2025,10,14,1,20,0,
15587.2002,60664.0711,2025-10-14 21:00:00-05:00,40.41,HB_HOUSTON,14758.98,0.0,79.1,46.68,56.9,0.0,0.0,3.4,1017.0,10.1,7.0,0.0,0.0,2025,10,14,1,21,0,
14746.2002,57849.4412,2025-10-14 22:00:00-05:00,29.64,HB_HOUSTON,16169.24,0.0,76.9,52.11,58.0,0.0,0.0,3.4,1018.0,10.1,10.0,0.0,0.0,2025,10,14,1,22,0,
13887.7998,54424.4203,2025-10-14 23:00:00-05:00,25.7,HB_HOUSTON,17083.04,0.0,76.0,55.45,58.9,0.0,0.0,3.4,1018.0,10.1,8.0,0.0,0.0,2025,10,14,1,23,0,
12842.5996,51228.8296,2025-10-15 00:00:00-05:00,24.74,HB_HOUSTON,17379.83,0.0,74.9,57.48,58.9,0.0,0.0,3.4,1018.0,10.1,4.0,0.0,0.0,2025,10,15,2,0,0,
12428.7002,49262.9101,2025-10-15 01:00:00-05:00,23.34,HB_HOUSTON,17092.69,0.0,72.9,61.43,58.9,0.0,0.0,3.4,1017.0,10.1,3.0,0.0,0.0,2025,10,15,2,1,0,
12003.7998,47975.51,2025-10-15 02:00:00-05:00,23.01,HB_HOUSTON,16264.91,0.0,72.1,61.32,58.0,0.0,0.0,3.4,1017.0,10.1,3.0,0.0,0.0,2025,10,15,2,2,0,
11904.5996,46872.2001,2025-10-15 03:00:00-05:00,23.21,HB_HOUSTON,15395.86,0.0,71.0,63.6,58.0,0.0,0.0,3.4,1016.0,10.1,5.0,0.0,0.0,2025,10,15,2,3,0,
11728.7998,46247.8701,2025-10-15 04:00:00-05:00,24.84,HB_HOUSTON,14553.88,0.0,70.1,65.58,58.0,0.0,0.0,3.4,1016.0,10.1,4.0,0.0,0.0,2025,10,15,2,4,0,
11932.5,46719.2906,2025-10-15 05:00:00-05:00,26.86,HB_HOUSTON,13759.53,0.0,70.1,63.08,56.9,0.0,0.0,3.4,1016.0,10.1,4.0,0.0,0.0,2025,10,15,2,5,0,
12299.2998,48417.2298,2025-10-15 06:00:00-05:00,38.88,HB_HOUSTON,13096.42,0.0,69.0,65.45,56.9,0.0,0.0,4.7,1017.0,10.1,6.0,0.0,0.0,2025,10,15,2,6,0,
12373.4004,49148.5999,2025-10-15 07:00:00-05:00,45.67,HB_HOUSTON,12646.71,9.12,67.9,65.75,56.0,0.0,0.0,4.7,1017.0,10.1,9.0,0.0,0.0,2025,10,15,2,7,0,
13082.7998,51166.7001,2025-10-15 08:00:00-05:00,25.07,HB_HOUSTON,11952.47,133.06,69.0,60.92,54.9,0.0,0.0,4.7,1018.0,10.1,8.0,58.0,0.2,2025,10,15,2,8,0,
14477.0,55832.4488,2025-10-15 09:00:00-05:00,17.79,HB_HOUSTON,10219.61,322.45,72.1,57.09,56.0,0.0,0.0,5.8,1018.0,10.1,5.0,237.0,0.9,2025,10,15,2,9,0,
15042.5,58178.6602,2025-10-15 10:00:00-05:00,17.95,HB_HOUSTON,8988.72,424.37,76.0,49.99,56.0,0.0,0.0,5.8,1018.0,10.1,2.0,417.0,1.5,2025,10,15,2,10,0,
15568.7998,60107.8706,2025-10-15 11:00:00-05:00,20.05,HB_HOUSTON,10094.12,479.24,80.0,42.18,54.9,0.0,0.0,5.8,1018.0,10.1,2.0,565.0,2.0,2025,10,15,2,11,0,
16304.0,62461.8203,2025-10-15 12:00:00-05:00,24.84,HB_HOUSTON,11257.42,516.57,81.9,39.55,54.9,0.0,0.0,5.8,1017.0,10.1,3.0,670.0,2.4,2025,10,15,2,12,0,
17086.0996,65203.8487,2025-10-15 13:00:00-05:00,34.66,HB_HOUSTON,12063.74,542.24,83.0,36.96,54.1,0.0,0.0,5.8,1016.0,10.1,5.0,720.0,2.6,2025,10,15,2,13,0,
17666.9004,67655.7711,2025-10-15 14:00:00-05:00,37.28,HB_HOUSTON,12771.84,548.93,85.9,33.69,54.1,0.0,0.0,5.8,1015.0,10.1,5.0,791.0,2.8,2025,10,15,2,14,0,
18053.1992,69334.1097,2025-10-15 15:00:00-05:00,37.68,HB_HOUSTON,13738.34,533.79,85.9,33.69,54.1,0.0,0.0,5.8,1014.0,10.1,5.0,710.0,2.6,2025,10,15,2,15,0,
18090.1992,70086.9982,2025-10-15 16:00:00-05:00,36.47,HB_HOUSTON,14899.33,487.18,87.0,32.55,54.1,0.0,0.0,5.8,1014.0,10.1,5.0,580.0,2.1,2025,10,15,2,16,0,
17562.5,68723.999,2025-10-15 17:00:00-05:00,49.58,HB_HOUSTON,16060.52,350.32,85.9,34.81,54.9,0.0,0.0,5.8,1014.0,10.1,6.0,413.0,1.5,2025,10,15,2,17,0,
16770.1992,65644.549,2025-10-15 18:00:00-05:00,88.04,HB_HOUSTON,16529.25,121.28,85.0,33.33,53.0,0.0,0.0,5.8,1013.0,10.1,7.0,192.0,0.7,2025,10,15,2,18,0,
16341.0996,62968.8995,2025-10-15 19:00:00-05:00,74.37,HB_HOUSTON,18375.45,1.04,81.1,40.72,54.9,0.0,0.0,5.8,1013.0,10.1,8.0,80.0,0.3,2025,10,15,2,19,0,
15871.0996,61020.3086,2025-10-15 20:00:00-05:00,48.38,HB_HOUSTON,20391.99,0.0,79.1,46.68,56.9,0.0,0.0,5.8,1014.0,10.1,6.0,0.0,0.0,2025,10,15,2,20,0,
15261.2002,58398.9905,2025-10-15 21:00:00-05:00,33.41,HB_HOUSTON,22019.19,0.0,76.9,53.82,58.9,0.0,0.0,4.7,1014.0,10.1,6.0,0.0,0.0,2025,10,15,2,21,0,
14388.2002,54958.8599,2025-10-15 22:00:00-05:00,27.06,HB_HOUSTON,23320.03,0.0,74.9,62.08,61.1,0.0,0.0,4.7,1014.0,10.1,7.0,0.0,0.0,2025,10,15,2,22,0,
13472.0,51299.1403,2025-10-15 23:00:00-05:00,23.85,HB_HOUSTON,24044.81,0.0,74.0,63.97,61.1,0.0,0.0,3.4,1014.0,10.1,6.0,0.0,0.0,2025,10,15,2,23,0,
12605.5996,50067.8898,2025-10-16 00:00:00-05:00,21.6,HB_HOUSTON,24548.4,0.0,72.1,70.6,62.0,0.0,0.0,2.2,1014.0,10.1,6.0,0.0,0.0,2025,10,16,3,0,0,
12361.2998,48200.7395,2025-10-16 01:00:00-05:00,19.57,HB_HOUSTON,24534.22,0.0,71.0,76.07,63.1,0.0,0.0,2.2,1014.0,10.1,7.0,0.0,0.0,2025,10,16,3,1,0,
11933.2998,46928.6991,2025-10-16 02:00:00-05:00,18.97,HB_HOUSTON,24249.6,0.0,71.0,76.07,63.1,0.0,0.0,3.4,1014.0,10.1,9.0,0.0,0.0,2025,10,16,3,2,0,
11756.5,45816.7803,2025-10-16 03:00:00-05:00,18.11,HB_HOUSTON,23922.28,0.0,70.1,78.43,63.1,0.0,0.0,2.2,1014.0,10.1,11.0,0.0,0.0,2025,10,16,3,3,0,
11679.7002,45312.73,2025-10-16 04:00:00-05:00,18.74,HB_HOUSTON,23438.02,0.0,69.0,81.38,63.1,0.0,0.0,3.4,1014.0,10.1,14.0,0.0,0.0,2025,10,16,3,4,0,
11919.2998,46129.3594,2025-10-16 05:00:00-05:00,20.66,HB_HOUSTON,22767.0,0.0,67.9,84.45,63.1,0.0,0.0,3.4,1013.0,10.1,16.0,0.0,0.0,2025,10,16,3,5,0,
12295.0996,47936.85,2025-10-16 06:00:00-05:00,25.09,HB_HOUSTON,22111.79,0.0,67.9,84.45,63.1,0.0,0.0,3.4,1013.0,10.1,20.0,0.0,0.0,2025,10,16,3,6,0,
12474.0996,48846.6891,2025-10-16 07:00:00-05:00,27.07,HB_HOUSTON,21587.48,9.87,67.9,84.45,63.1,0.0,0.0,4.7,1013.0,10.1,27.0,0.0,0.0,2025,10,16,3,7,0,
13237.2998,51104.0693,2025-10-16 08:00:00-05:00,19.52,HB_HOUSTON,20543.88,160.35,67.9,87.16,63.9,0.0,0.0,4.7,1014.0,10.1,35.0,44.0,0.2,2025,10,16,3,8,0,
14478.5,55470.4711,2025-10-16 09:00:00-05:00,14.55,HB_HOUSTON,18951.94,421.33,71.0,81.52,65.0,0.0,0.0,5.8,1014.0,10.1,38.0,191.0,0.7,2025,10,16,3,9,0,
14829.5996,57533.1398,2025-10-16 10:00:00-05:00,14.73,HB_HOUSTON,18464.97,547.31,76.0,71.0,65.9,0.0,0.0,5.8,1014.0,10.1,44.0,358.0,1.3,2025,10,16,3,10,0,
15198.2002,58806.8298,2025-10-16 11:00:00-05:00,15.85,HB_HOUSTON,19793.01,594.53,80.0,62.31,65.9,0.0,0.0,6.9,1014.0,10.1,51.0,441.0,1.6,2025,10,16,3,11,0,
15789.5,60797.8403,2025-10-16 12:00:00-05:00,18.31,HB_HOUSTON,20780.86,602.82,81.9,56.62,65.0,0.0,0.0,8.1,1013.0,10.1,57.0,549.0,2.0,2025,10,16,3,12,0,
16489.5996,63271.7104,2025-10-16 13:00:00-05:00,24.06,HB_HOUSTON,21329.11,620.39,83.0,54.67,65.0,0.0,0.0,8.1,1013.0,10.1,65.0,570.0,2.1,2025,10,16,3,13,0,
16986.6992,65418.1299,2025-10-16 14:00:00-05:00,25.6,HB_HOUSTON,21755.07,624.37,83.9,51.14,63.9,0.0,0.0,9.2,1012.0,10.1,68.0,604.0,2.2,2025,10,16,3,14,0,
17350.0,66997.5493,2025-10-16 15:00:00-05:00,27.63,HB_HOUSTON,22383.5,605.36,85.0,49.4,63.9,0.0,0.0,10.3,1012.0,10.1,71.0,508.0,1.8,2025,10,16,3,15,0,
17487.0,67860.9703,2025-10-16 16:00:00-05:00,28.97,HB_HOUSTON,23216.14,532.59,83.0,52.65,63.9,0.0,0.0,10.3,1011.0,10.1,71.0,427.0,1.5,2025,10,16,3,16,0,
17093.8008,66796.2518,2025-10-16 17:00:00-05:00,35.87,HB_HOUSTON,23268.48,365.18,81.9,56.62,65.0,0.0,0.0,10.3,1011.0,10.1,67.0,274.0,1.0,2025,10,16,3,17,0,
16075.2002,62897.7997,2025-10-16 18:00:00-05:00,51.09,HB_HOUSTON,23840.51,115.47,81.1,60.15,65.9,0.0,0.0,9.2,1010.0,10.1,77.0,129.0,0.5,2025,10,16,3,18,0,
15824.0,61473.2608,2025-10-16 19:00:00-05:00,47.37,HB_HOUSTON,24225.08,0.94,78.0,69.03,67.0,0.0,0.0,8.1,1010.0,10.1,75.0,67.0,0.2,2025,10,16,3,19,0,
15521.0,60343.6606,2025-10-16 20:00:00-05:00,33.6,HB_HOUSTON,25328.61,0.0,78.0,69.03,67.0,0.0,0.0,6.9,1011.0,10.1,41.0,0.0,0.0,2025,10,16,3,20,0,
15081.7998,58454.5696,2025-10-16 21:00:00-05:00,27.19,HB_HOUSTON,25834.15,0.0,76.9,73.79,67.9,0.0,0.0,5.8,1012.0,10.1,35.0,0.0,0.0,2025,10,16,3,21,0,
14432.4004,55846.6911,2025-10-16 22:00:00-05:00,24.12,HB_HOUSTON,25488.42,0.0,76.0,78.9,69.0,0.0,0.0,5.8,1012.0,10.1,28.0,0.0,0.0,2025,10,16,3,22,0,
13727.0996,52951.8393,2025-10-16 23:00:00-05:00,21.78,HB_HOUSTON,24707.69,0.0,74.9,81.8,69.0,0.0,0.0,5.8,1012.0,10.1,22.0,0.0,0.0,2025,10,16,3,23,0,
13294.0996,52077.1495,2025-10-17 00:00:00-05:00,18.61,HB_HOUSTON,23758.2,0.0,74.9,81.8,69.0,0.0,0.0,5.8,1011.0,10.1,20.0,0.0,0.0,2025,10,17,4,0,0,
12968.5996,50428.1898,2025-10-17 01:00:00-05:00,17.71,HB_HOUSTON,22826.7,0.0,74.0,84.3,69.0,0.0,0.0,4.7,1011.0,10.1,32.0,0.0,0.0,2025,10,17,4,1,0,
12708.5,49486.8201,2025-10-17 02:00:00-05:00,17.63,HB_HOUSTON,22623.11,0.0,74.0,84.3,69.0,0.0,0.0,4.7,1011.0,10.1,36.0,0.0,0.0,2025,10,17,4,2,0,
12518.5,48224.2805,2025-10-17 03:00:00-05:00,17.56,HB_HOUSTON,22530.06,0.0,72.9,87.41,69.0,0.012,0.0,4.7,1011.0,10.1,38.0,0.0,0.0,2025,10,17,4,3,0,
12331.2002,47310.4497,2025-10-17 04:00:00-05:00,17.28,HB_HOUSTON,21988.87,0.0,72.9,87.41,69.0,0.0,0.0,4.7,1011.0,10.1,38.0,0.0,0.0,2025,10,17,4,4,0,
12567.4004,48016.0404,2025-10-17 05:00:00-05:00,19.59,HB_HOUSTON,21254.44,0.0,72.9,87.41,69.0,0.0,0.0,3.4,1011.0,9.0,54.0,0.0,0.0,2025,10,17,4,5,0,
12965.5996,49763.0389,2025-10-17 06:00:00-05:00,23.59,HB_HOUSTON,20590.29,0.0,72.1,93.5,70.1,0.0,0.0,3.4,1012.0,8.0,65.0,0.0,0.0,2025,10,17,4,6,0,
13202.0,50678.2702,2025-10-17 07:00:00-05:00,25.93,HB_HOUSTON,19810.62,7.83,72.9,90.7,70.1,0.0,0.0,3.4,1012.0,6.9,61.0,0.0,0.0,2025,10,17,4,7,0,
13769.7998,52815.7499,2025-10-17 08:00:00-05:00,22.63,HB_HOUSTON,18743.33,189.71,72.9,90.7,70.1,0.0,0.0,4.7,1013.0,6.0,59.0,34.0,0.1,2025,10,17,4,8,0,
15044.7998,57231.1998,2025-10-17 09:00:00-05:00,17.32,HB_HOUSTON,17177.24,526.17,74.9,90.77,72.1,0.0,0.0,5.8,1013.0,9.0,61.0,170.0,0.6,2025,10,17,4,9,0,
15413.2002,59722.961,2025-10-17 10:00:00-05:00,18.57,HB_HOUSTON,15964.43,711.16,78.0,82.01,72.1,0.0,0.0,5.8,1014.0,10.1,58.0,207.0,0.7,2025,10,17,4,10,0,
15705.2998,60803.7996,2025-10-17 11:00:00-05:00,23.45,HB_HOUSTON,15545.54,794.47,80.0,76.84,72.1,0.0,0.0,8.1,1013.0,10.1,45.0,232.0,0.8,2025,10,17,4,11,0,
16000.5,62754.7393,2025-10-17 12:00:00-05:00,31.05,HB_HOUSTON,14644.43,832.33,81.9,72.04,72.1,0.0,0.0,9.2,1013.0,10.1,49.0,260.0,0.9,2025,10,17,4,12,0,
16334.2002,65076.31,2025-10-17 13:00:00-05:00,39.11,HB_HOUSTON,13558.03,828.45,83.0,69.56,72.1,0.0,0.0,9.2,1012.0,10.1,53.0,251.0,0.9,2025,10,17,4,13,0,
16715.0,67698.6197,2025-10-17 14:00:00-05:00,41.41,HB_HOUSTON,12758.17,815.18,83.0,67.06,71.0,0.0,0.0,10.3,1012.0,10.1,50.0,303.0,1.1,2025,10,17,4,14,0,
16902.9004,69391.5903,2025-10-17 15:00:00-05:00,45.37,HB_HOUSTON,12363.14,782.57,83.0,67.06,71.0,0.0,0.0,10.3,1011.0,10.1,34.0,225.0,0.8,2025,10,17,4,15,0,
16763.6992,70383.3991,2025-10-17 16:00:00-05:00,42.93,HB_HOUSTON,12178.99,695.65,83.9,63.18,70.1,0.0,0.0,10.3,1011.0,10.1,37.0,314.0,1.1,2025,10,17,4,16,0,
16525.6992,69726.9599,2025-10-17 17:00:00-05:00,57.38,HB_HOUSTON,11654.99,483.51,83.0,65.04,70.1,0.0,0.0,10.3,1011.0,10.1,22.0,204.0,0.7,2025,10,17,4,17,0,
16514.5,66258.469,2025-10-17 18:00:00-05:00,82.75,HB_HOUSTON,12438.72,130.41,81.1,71.51,71.0,0.0,0.0,10.3,1009.0,10.1,36.0,117.0,0.4,2025,10,17,4,18,0,
16158.5996,63745.2598,2025-10-17 19:00:00-05:00,72.08,HB_HOUSTON,13126.03,1.09,79.1,76.3,71.0,0.0,0.0,9.2,1010.0,10.1,24.0,35.0,0.1,2025,10,17,4,19,0,
15807.2998,62123.9104,2025-10-17 20:00:00-05:00,41.39,HB_HOUSTON,14491.01,0.0,78.0,79.06,71.0,0.0,0.0,8.1,1010.0,10.1,21.0,0.0,0.0,2025,10,17,4,20,0,
15410.0996,60441.9991,2025-10-17 21:00:00-05:00,30.75,HB_HOUSTON,15288.34,0.0,76.9,84.99,72.1,0.0,0.0,8.1,1011.0,10.1,20.0,0.0,0.0,2025,10,17,4,21,0,
14909.2002,58626.8596,2025-10-17 22:00:00-05:00,27.44,HB_HOUSTON,15117.43,0.0,76.9,84.99,72.1,0.0,0.0,6.9,1011.0,10.1,22.0,0.0,0.0,2025,10,17,4,22,0,
14314.5996,56368.0695,2025-10-17 23:00:00-05:00,24.11,HB_HOUSTON,14348.24,0.0,76.9,84.99,72.1,0.0,0.0,5.8,1011.0,10.1,22.0,0.0,0.0,2025,10,17,4,23,0,
13511.0,52861.6801,2025-10-18 00:00:00-05:00,26.16,HB_HOUSTON,13609.97,0.0,76.0,87.56,72.1,0.0,0.0,5.8,1010.0,10.1,22.0,0.0,0.0,2025,10,18,5,0,1,
13188.5,51075.0399,2025-10-18 01:00:00-05:00,25.31,HB_HOUSTON,12889.65,0.0,74.9,93.57,72.9,0.0,0.0,5.8,1011.0,10.1,23.0,0.0,0.0,2025,10,18,5,1,1,
12766.7002,49708.8601,2025-10-18 02:00:00-05:00,24.16,HB_HOUSTON,12348.12,0.0,74.9,93.57,72.9,0.0,0.0,5.8,1011.0,10.1,26.0,0.0,0.0,2025,10,18,5,2,1,
12477.7002,48262.0601,2025-10-18 03:00:00-05:00,24.13,HB_HOUSTON,12149.53,0.0,74.9,90.77,72.1,0.0,0.0,5.8,1011.0,10.1,27.0,0.0,0.0,2025,10,18,5,3,1,
12187.7998,47027.7894,2025-10-18 04:00:00-05:00,24.07,HB_HOUSTON,12077.79,0.0,74.9,93.57,72.9,0.0,0.0,5.8,1010.0,10.1,36.0,0.0,0.0,2025,10,18,5,4,1,
12144.7002,46559.0195,2025-10-18 05:00:00-05:00,25.25,HB_HOUSTON,12114.3,0.0,74.0,93.55,72.1,0.0,0.0,5.8,1010.0,9.0,39.0,0.0,0.0,2025,10,18,5,5,1,
12202.2998,46479.2001,2025-10-18 06:00:00-05:00,26.25,HB_HOUSTON,12358.31,0.0,74.9,93.57,72.9,0.0,0.0,4.7,1010.0,6.9,45.0,0.0,0.0,2025,10,18,5,6,1,
12302.7002,46846.6501,2025-10-18 07:00:00-05:00,27.69,HB_HOUSTON,12678.51,3.61,74.0,96.44,72.9,0.0,0.0,4.7,1011.0,6.9,47.0,0.0,0.0,2025,10,18,5,7,1,
13189.0996,49716.2996,2025-10-18 08:00:00-05:00,28.49,HB_HOUSTON,13338.95,101.85,74.9,97.03,74.0,0.0,0.0,5.8,1011.0,6.9,56.0,36.0,0.1,2025,10,18,5,8,1,
14769.4004,54975.6404,2025-10-18 09:00:00-05:00,29.26,HB_HOUSTON,14041.1,342.03,76.9,93.62,74.9,0.0,0.0,5.8,1012.0,10.1,52.0,149.0,0.5,2025,10,18,5,9,1,
15225.7002,57689.8401,2025-10-18 10:00:00-05:00,29.49,HB_HOUSTON,14695.41,471.6,81.1,84.71,76.0,0.0,0.0,6.9,1012.0,10.1,48.0,282.0,1.0,2025,10,18,5,10,1,
15859.7998,59366.9599,2025-10-18 11:00:00-05:00,30.95,HB_HOUSTON,16069.08,549.69,81.9,79.36,74.9,0.0,0.0,8.1,1012.0,10.1,53.0,364.0,1.3,2025,10,18,5,11,1,
16657.0996,61363.1585,2025-10-18 12:00:00-05:00,30.79,HB_HOUSTON,17770.83,616.44,83.9,74.44,74.9,0.0,0.0,9.2,1011.0,10.1,59.0,495.0,1.8,2025,10,18,5,12,1,
17342.3008,63259.4903,2025-10-18 13:00:00-05:00,32.48,HB_HOUSTON,18889.04,638.55,85.9,67.79,74.0,0.0,0.0,9.2,1011.0,10.1,56.0,438.0,1.6,2025,10,18,5,13,1,
17889.0,65398.7687,2025-10-18 14:00:00-05:00,34.38,HB_HOUSTON,19894.26,637.29,87.0,63.16,72.9,0.008,0.0,9.2,1010.0,10.1,55.0,465.0,1.7,2025,10,18,5,14,1,
18227.3008,66767.6102,2025-10-18 15:00:00-05:00,35.42,HB_HOUSTON,21103.54,632.85,87.0,63.16,72.9,0.0,0.0,8.1,1010.0,10.1,56.0,432.0,1.6,2025,10,18,5,15,1,
18193.5996,67430.8807,2025-10-18 16:00:00-05:00,34.43,HB_HOUSTON,22540.83,609.16,88.1,61.03,72.9,0.138,0.0,8.1,1010.0,10.1,53.0,354.0,1.3,2025,10,18,5,16,1,
17804.9004,66351.3697,2025-10-18 17:00:00-05:00,46.07,HB_HOUSTON,23779.09,432.7,85.0,65.27,72.1,0.0,0.0,8.1,1010.0,10.1,43.0,109.0,0.4,2025,10,18,5,17,1,
17392.8008,62784.2901,2025-10-18 18:00:00-05:00,,HB_HOUSTON,24394.04,126.66,85.9,69.86,74.9,0.0,0.0,9.2,1008.0,10.1,19.0,104.0,0.4,2025,10,18,5,18,1,78.92
16841.8008,61121.5608,2025-10-18 19:00:00-05:00,,HB_HOUSTON,25106.27,0.9,83.9,65.14,71.0,0.0,0.0,8.1,1008.0,10.1,13.0,24.0,0.1,2025,10,18,5,19,1,80.22
16217.2002,59704.2799,2025-10-18 20:00:00-05:00,,HB_HOUSTON,25788.4,0.0,81.9,69.45,71.0,0.0,0.0,9.2,1009.0,10.1,8.0,0.0,0.0,2025,10,18,5,20,1,60.34
15613.5996,58272.6095,2025-10-18 21:00:00-05:00,,HB_HOUSTON,26368.34,0.0,80.0,76.84,72.1,0.0,0.0,8.1,1010.0,10.1,8.0,0.0,0.0,2025,10,18,5,21,1,42.11
14939.5,56216.3304,2025-10-18 22:00:00-05:00,,HB_HOUSTON,26420.61,0.0,79.1,79.14,72.1,0.0,0.0,8.1,1011.0,10.1,8.0,0.0,0.0,2025,10,18,5,22,1,33.46
14226.9004,53587.3404,2025-10-18 23:00:00-05:00,,HB_HOUSTON,25662.9,0.0,79.1,79.14,72.1,0.0,0.0,6.9,1011.0,10.1,11.0,0.0,0.0,2025,10,18,5,23,1,26.64
13587.7998,50917.5307,2025-10-19 00:00:00-05:00,,HB_HOUSTON,24309.61,0.0,78.0,82.01,72.1,0.0,0.0,6.9,1011.0,10.1,28.0,0.0,0.0,2025,10,19,6,0,1,22.82
13120.9004,49008.9506,2025-10-19 01:00:00-05:00,,HB_HOUSTON,22527.37,0.0,76.0,87.56,72.1,0.0,0.0,4.7,1012.0,10.1,36.0,0.0,0.0,2025,10,19,6,1,1,21.49
12684.7998,47412.8699,2025-10-19 02:00:00-05:00,,HB_HOUSTON,20443.61,0.0,76.0,87.56,72.1,0.0,0.0,4.7,1013.0,10.1,32.0,0.0,0.0,2025,10,19,6,2,1,19.58
12358.4004,46012.0607,2025-10-19 03:00:00-05:00,,HB_HOUSTON,17861.67,0.0,74.9,90.77,72.1,0.0,0.0,5.8,1013.0,10.1,25.0,0.0,0.0,2025,10,19,6,3,1,18.77
12033.2998,44839.75,2025-10-19 04:00:00-05:00,,HB_HOUSTON,15523.53,0.0,74.0,93.55,72.1,0.0,0.0,5.8,1012.0,6.9,24.0,0.0,0.0,2025,10,19,6,4,1,20.5
11773.7998,43699.1596,2025-10-19 05:00:00-05:00,,HB_HOUSTON,14000.62,0.0,72.9,93.52,71.0,0.0,0.0,6.9,1013.0,6.9,30.0,0.0,0.0,2025,10,19,6,5,1,22.66
11687.0,43585.3898,2025-10-19 06:00:00-05:00,,HB_HOUSTON,12748.99,0.0,72.9,90.7,70.1,0.0,0.0,8.1,1014.0,6.9,38.0,0.0,0.0,2025,10,19,6,6,1,26.63
11694.7002,44170.5897,2025-10-19 07:00:00-05:00,,HB_HOUSTON,11497.97,9.41,72.1,90.11,69.0,0.0,0.0,9.2,1015.0,8.0,39.0,0.0,0.0,2025,10,19,6,7,1,30.69
12459.5,47049.5397,2025-10-19 08:00:00-05:00,,HB_HOUSTON,9929.23,232.47,72.1,86.83,67.9,0.0,0.0,11.4,1017.0,6.9,37.0,35.0,0.1,2025,10,19,6,8,1,20.91
13718.7998,51309.9294,2025-10-19 09:00:00-05:00,,HB_HOUSTON,7383.36,627.32,72.9,81.66,67.0,0.0,0.0,13.9,1018.0,10.1,26.0,223.0,0.8,2025,10,19,6,9,1,10.68
14098.7998,52951.5692,2025-10-19 10:00:00-05:00,,HB_HOUSTON,5760.63,843.35,72.9,73.42,63.9,0.0,0.0,13.9,1019.0,10.1,20.0,400.0,1.4,2025,10,19,6,10,1,9.28
14805.7998,54009.5801,2025-10-19 11:00:00-05:00,,HB_HOUSTON,6519.64,920.15,74.9,64.08,62.0,0.0,0.0,15.0,1020.0,10.1,11.0,555.0,2.0,2025,10,19,6,11,1,12.2
15503.9004,55479.1501,2025-10-19 12:00:00-05:00,,HB_HOUSTON,8275.57,937.95,76.9,53.82,58.9,0.0,0.0,13.9,1020.0,10.1,8.0,669.0,2.4,2025,10,19,6,12,1,14.39
16070.0996,56927.1499,2025-10-19 13:00:00-05:00,,HB_HOUSTON,10366.59,940.87,78.0,48.37,56.9,0.0,0.0,12.8,1020.0,10.1,5.0,726.0,2.6,2025,10,19,6,13,1,15.56
16476.0,58436.5103,2025-10-19 14:00:00-05:00,,HB_HOUSTON,12380.36,932.04,81.1,39.41,54.1,0.0,0.0,12.8,1019.0,10.1,3.0,798.0,2.9,2025,10,19,6,14,1,16.04
16696.9004,59538.6502,2025-10-19 15:00:00-05:00,,HB_HOUSTON,14421.6,890.93,83.0,34.37,52.1,0.0,0.0,11.4,1019.0,10.1,3.0,719.0,2.6,2025,10,19,6,15,1,17.03
16600.5,60141.6898,2025-10-19 16:00:00-05:00,,HB_HOUSTON,16630.6,774.33,81.1,32.72,49.0,0.0,0.0,10.3,1019.0,10.1,2.0,588.0,2.1,2025,10,19,6,16,1,18.19
16100.5,59228.3293,2025-10-19 17:00:00-05:00,,HB_HOUSTON,18464.79,505.57,80.0,32.55,47.9,0.0,0.0,9.2,1019.0,10.1,1.0,417.0,1.5,2025,10,19,6,17,1,23.62
15765.0996,58018.6896,2025-10-19 18:00:00-05:00,,HB_HOUSTON,20022.92,129.45,81.9,31.77,49.0,0.0,0.0,9.2,1016.0,10.1,1.0,186.0,0.7,2025,10,19,6,18,1,52.15
15238.7998,56276.2998,2025-10-19 19:00:00-05:00,,HB_HOUSTON,22432.98,0.74,78.0,34.74,47.9,0.0,0.0,6.9,1017.0,10.1,1.0,79.0,0.3,2025,10,19,6,19,1,44.33
14548.5,54773.4893,2025-10-19 20:00:00-05:00,,HB_HOUSTON,25295.42,0.0,76.0,35.86,47.0,0.0,0.0,6.9,1018.0,10.1,1.0,0.0,0.0,2025,10,19,6,20,1,30.5
13912.0,52731.691,2025-10-19 21:00:00-05:00,,HB_HOUSTON,27055.1,0.0,74.0,39.63,47.9,0.0,0.0,6.9,1018.0,10.1,1.0,0.0,0.0,2025,10,19,6,21,1,21.99
13085.4004,50038.4007,2025-10-19 22:00:00-05:00,,HB_HOUSTON,28177.09,0.0,72.1,42.36,47.9,0.0,0.0,5.8,1019.0,10.1,1.0,0.0,0.0,2025,10,19,6,22,1,17.77
12312.5,47429.9105,2025-10-19 23:00:00-05:00,,HB_HOUSTON,29019.87,0.0,69.0,47.01,47.9,0.0,0.0,5.8,1019.0,10.1,1.0,0.0,0.0,2025,10,19,6,23,1,17.0
11653.4004,45312.7501,2025-10-20 00:00:00-05:00,,HB_HOUSTON,29440.42,0.0,67.0,52.4,49.0,0.0,0.0,5.8,1019.0,10.1,1.0,0.0,0.0,2025,10,20,0,0,0,17.72
11228.0996,43561.7702,2025-10-20 01:00:00-05:00,,HB_HOUSTON,29463.32,0.0,65.0,53.9,47.9,0.0,0.0,5.8,1019.0,10.1,1.0,0.0,0.0,2025,10,20,0,1,0,16.64
10843.7002,42668.3207,2025-10-20 02:00:00-05:00,,HB_HOUSTON,29450.38,0.0,63.9,58.28,49.0,0.0,0.0,5.8,1019.0,10.1,1.0,0.0,0.0,2025,10,20,0,2,0,16.03
10686.5,42219.11,2025-10-20 03:00:00-05:00,,HB_HOUSTON,29559.24,0.0,63.1,60.15,49.0,0.0,0.0,5.8,1019.0,10.1,1.0,0.0,0.0,2025,10,20,0,3,0,15.45
10676.5996,42177.6295,2025-10-20 04:00:00-05:00,,HB_HOUSTON,29534.58,0.0,63.1,60.15,49.0,0.0,0.0,5.8,1018.0,10.1,2.0,0.0,0.0,2025,10,20,0,4,0,15.54
11034.7998,43639.3496,2025-10-20 05:00:00-05:00,,HB_HOUSTON,29301.87,0.0,62.0,64.61,49.9,0.0,0.0,5.8,1018.0,10.1,1.0,0.0,0.0,2025,10,20,0,5,0,16.95
11566.5,46195.5105,2025-10-20 06:00:00-05:00,,HB_HOUSTON,29043.08,0.0,62.0,67.25,51.0,0.0,0.0,5.8,1018.0,10.1,1.0,0.0,0.0,2025,10,20,0,6,0,20.81
11795.5,47491.85,2025-10-20 07:00:00-05:00,,HB_HOUSTON,28549.53,8.49,60.0,75.07,52.1,0.0,0.0,5.8,1019.0,10.1,2.0,0.0,0.0,2025,10,20,0,7,0,21.64
12497.9004,49755.1199,2025-10-20 08:00:00-05:00,,HB_HOUSTON,28420.15,221.05,62.0,75.25,54.1,0.0,0.0,5.8,1019.0,10.1,3.0,52.0,0.2,2025,10,20,0,8,0,15.03
13762.7002,53668.83,2025-10-20 09:00:00-05:00,,HB_HOUSTON,27562.08,604.43,65.9,70.41,56.0,0.0,0.0,6.9,1020.0,10.1,2.0,235.0,0.8,2025,10,20,0,9,0,5.83
14543.4004,55919.2907,2025-10-20 10:00:00-05:00,,HB_HOUSTON,26796.62,813.49,72.9,59.48,58.0,0.0,0.0,6.9,1020.0,10.1,1.0,414.0,1.5,2025,10,20,0,10,0,6.98
15067.5996,57057.9689,2025-10-20 11:00:00-05:00,,HB_HOUSTON,26583.22,888.99,76.9,55.93,60.0,0.0,0.0,8.1,1019.0,10.1,1.0,559.0,2.0,2025,10,20,0,11,0,13.48
15835.7002,59039.9104,2025-10-20 12:00:00-05:00,,HB_HOUSTON,26304.39,909.66,81.1,48.82,60.0,0.0,0.0,9.2,1019.0,10.1,1.0,659.0,2.4,2025,10,20,0,12,0,16.55
16885.5996,61808.1799,2025-10-20 13:00:00-05:00,,HB_HOUSTON,25426.37,900.78,83.0,45.78,60.0,0.0,0.0,9.2,1017.0,10.1,2.0,690.0,2.5,2025,10,20,0,13,0,23.36
17738.3008,65006.6407,2025-10-20 14:00:00-05:00,,HB_HOUSTON,24946.47,868.92,85.0,42.96,60.0,0.0,0.0,10.3,1017.0,10.1,3.0,747.0,2.7,2025,10,20,0,14,0,26.13
18268.1992,67682.6487,2025-10-20 15:00:00-05:00,,HB_HOUSTON,25192.82,821.39,85.9,43.37,61.1,0.0,0.0,10.3,1016.0,10.1,3.0,625.0,2.3,2025,10,20,0,15,0,32.14
18473.6992,69700.1082,2025-10-20 16:00:00-05:00,,HB_HOUSTON,25514.05,720.32,87.0,43.26,62.0,0.0,0.0,10.3,1016.0,10.1,3.0,517.0,1.9,2025,10,20,0,16,0,32.05
18101.0,69715.3308,2025-10-20 17:00:00-05:00,,HB_HOUSTON,25171.98,486.25,85.0,47.86,63.1,0.0,0.0,10.3,1015.0,10.1,6.0,365.0,1.3,2025,10,20,0,17,0,42.67
16932.1992,67005.2797,2025-10-20 18:00:00-05:00,,HB_HOUSTON,23497.13,109.93,85.0,56.67,67.9,0.0,0.0,13.9,1013.0,10.1,20.0,161.0,0.6,2025,10,20,0,18,0,77.79
16576.4004,65012.2695,2025-10-20 19:00:00-05:00,,HB_HOUSTON,22970.98,0.66,81.1,66.84,69.0,0.0,0.0,11.4,1014.0,10.1,24.0,76.0,0.3,2025,10,20,0,19,0,72.99
15951.0,63116.7006,2025-10-20 20:00:00-05:00,,HB_HOUSTON,22765.12,0.0,81.1,69.36,70.1,0.0,0.0,11.4,1014.0,10.1,24.0,0.0,0.0,2025,10,20,0,20,0,51.58
15302.0,60707.9411,2025-10-20 21:00:00-05:00,,HB_HOUSTON,21658.6,0.0,79.1,76.3,71.0,0.0,0.0,10.3,1015.0,10.1,18.0,0.0,0.0,2025,10,20,0,21,0,34.79
14545.7002,57355.1093,2025-10-20 22:00:00-05:00,,HB_HOUSTON,20103.75,0.0,78.0,82.01,72.1,0.0,0.0,10.3,1015.0,10.1,16.0,0.0,0.0,2025,10,20,0,22,0,32.02
13819.7998,54246.5597,2025-10-20 23:00:00-05:00,,HB_HOUSTON,18800.02,0.0,78.0,82.01,72.1,0.0,0.0,10.3,1015.0,10.1,11.0,0.0,0.0,2025,10,20,0,23,0,23.7
13172.5996,51409.5796,2025-10-21 00:00:00-05:00,,HB_HOUSTON,17889.41,0.0,78.0,82.01,72.1,0.0,0.0,9.2,1014.0,10.1,9.0,0.0,0.0,2025,10,21,1,0,0,22.4
12794.5,49311.8505,2025-10-21 01:00:00-05:00,,HB_HOUSTON,17440.21,0.0,76.9,84.99,72.1,0.0,0.0,8.1,1015.0,10.1,11.0,0.0,0.0,2025,10,21,1,1,0,20.22
12513.9004,48118.8799,2025-10-21 02:00:00-05:00,,HB_HOUSTON,17272.79,0.0,76.0,87.56,72.1,0.0,0.0,6.9,1015.0,10.1,14.0,0.0,0.0,2025,10,21,1,2,0,18.94
12400.7998,47374.3801,2025-10-21 03:00:00-05:00,,HB_HOUSTON,17306.62,0.0,76.0,90.26,72.9,0.0,0.0,5.8,1015.0,10.1,18.0,0.0,0.0,2025,10,21,1,3,0,17.45
12437.5,47070.2999,2025-10-21 04:00:00-05:00,,HB_HOUSTON,17542.39,0.0,76.0,90.26,72.9,0.0,0.0,5.8,1015.0,10.1,23.0,0.0,0.0,2025,10,21,1,4,0,17.92
12798.9004,48080.0202,2025-10-21 05:00:00-05:00,,HB_HOUSTON,17914.19,0.0,74.9,93.57,72.9,0.0,0.0,5.8,1015.0,9.0,21.0,0.0,0.0,2025,10,21,1,5,0,19.84
13285.2002,50052.4598,2025-10-21 06:00:00-05:00,,HB_HOUSTON,18004.89,0.0,74.0,96.44,72.9,0.0,0.0,5.8,1016.0,6.9,25.0,0.0,0.0,2025,10,21,1,6,0,26.11
13418.9004,50766.3406,2025-10-21 07:00:00-05:00,,HB_HOUSTON,17663.35,5.13,74.9,93.57,72.9,0.0,0.0,4.7,1017.0,6.0,33.0,0.0,0.0,2025,10,21,1,7,0,30.96
13989.0,52448.3504,2025-10-21 08:00:00-05:00,,HB_HOUSTON,16713.26,204.62,74.9,97.03,74.0,0.0,0.0,4.7,1018.0,6.0,40.0,40.0,0.1,2025,10,21,1,8,0,21.98
15393.2998,56639.2404,2025-10-21 09:00:00-05:00,,HB_HOUSTON,14061.83,595.45,76.9,90.85,74.0,0.0,0.0,4.7,1019.0,9.0,38.0,145.0,0.5,2025,10,21,1,9,0,16.67
16309.5996,58809.8391,2025-10-21 10:00:00-05:00,,HB_HOUSTON,11904.31,821.54,81.1,79.29,74.0,0.0,0.0,4.7,1019.0,10.1,40.0,280.0,1.0,2025,10,21,1,10,0,17.75
16922.1992,59727.019,2025-10-21 11:00:00-05:00,,HB_HOUSTON,12115.6,911.57,83.0,74.36,74.0,0.0,0.0,5.8,1019.0,10.1,42.0,371.0,1.3,2025,10,21,1,11,0,23.06
17660.5,61244.5105,2025-10-21 12:00:00-05:00,,HB_HOUSTON,12569.41,937.86,83.9,69.66,72.9,0.0,0.0,5.8,1019.0,10.1,38.0,417.0,1.5,2025,10,21,1,12,0,31.29
18265.3008,63172.2909,2025-10-21 13:00:00-05:00,,HB_HOUSTON,12517.89,943.72,85.9,63.42,72.1,0.0,0.0,5.8,1018.0,10.1,33.0,464.0,1.7,2025,10,21,1,13,0,35.71
18608.8008,64749.1707,2025-10-21 14:00:00-05:00,,HB_HOUSTON,12407.47,935.56,88.1,55.36,70.1,0.0,0.0,5.8,1017.0,10.1,32.0,491.0,1.8,2025,10,21,1,14,0,36.65
18712.3008,65769.3312,2025-10-21 15:00:00-05:00,,HB_HOUSTON,12057.11,898.92,88.1,51.41,67.9,0.0,0.0,5.8,1017.0,10.1,38.0,524.0,1.9,2025,10,21,1,15,0,36.96
18622.5996,66343.5801,2025-10-21 16:00:00-05:00,,HB_HOUSTON,11346.7,787.65,89.0,48.44,67.0,0.0,0.0,5.8,1016.0,10.1,39.0,363.0,1.3,2025,10,21,1,16,0,40.06
18121.8008,65497.1207,2025-10-21 17:00:00-05:00,,HB_HOUSTON,9922.19,509.39,85.9,51.42,65.9,0.0,0.0,5.8,1017.0,10.1,22.0,290.0,1.0,2025,10,21,1,17,0,100.7
17780.5996,63488.9094,2025-10-21 18:00:00-05:00,,HB_HOUSTON,7916.95,115.49,83.9,65.14,71.0,0.0,0.0,6.9,1014.0,10.1,32.0,129.0,0.5,2025,10,21,1,18,0,126.18
17118.8008,61857.3312,2025-10-21 19:00:00-05:00,,HB_HOUSTON,7593.3,0.58,79.1,76.3,71.0,0.0,0.0,8.1,1014.0,10.1,47.0,45.0,0.2,2025,10,21,1,19,0,107.94
16506.5996,60286.9496,2025-10-21 20:00:00-05:00,,HB_HOUSTON,8056.73,0.0,78.0,76.67,70.1,0.0,0.0,8.1,1016.0,10.1,35.0,0.0,0.0,2025,10,21,1,20,0,99.69
15764.4004,57788.4399,2025-10-21 21:00:00-05:00,,HB_HOUSTON,8906.83,0.0,76.9,73.79,67.9,0.0,0.0,8.1,1017.0,10.1,32.0,0.0,0.0,2025,10,21,1,21,0,64.22
14853.2002,54214.841,2025-10-21 22:00:00-05:00,,HB_HOUSTON,9899.35,0.0,74.9,73.61,65.9,0.0,0.0,9.2,1018.0,10.1,31.0,0.0,0.0,2025,10,21,1,22,0,44.34
13900.2998,51048.4892,2025-10-21 23:00:00-05:00,,HB_HOUSTON,10919.34,0.0,74.9,68.7,63.9,0.0,0.0,9.2,1018.0,10.1,30.0,0.0,0.0,2025,10,21,1,23,0,34.09
13744.0,48205.8902,2025-10-22 00:00:00-05:00,,HB_HOUSTON,12035.74,0.0,74.0,68.6,63.1,0.0,0.0,9.2,1018.0,10.1,34.0,0.0,0.0,2025,10,22,2,0,0,32.51
13118.2998,46164.3098,2025-10-22 01:00:00-05:00,,HB_HOUSTON,13017.73,0.0,72.9,68.48,62.0,0.0,0.0,9.2,1019.0,10.1,32.0,0.0,0.0,2025,10,22,2,1,0,28.8
12677.7002,44811.3977,2025-10-22 02:00:00-05:00,,HB_HOUSTON,13809.61,0.0,72.1,68.39,61.1,0.0,0.0,9.2,1019.0,10.1,33.0,0.0,0.0,2025,10,22,2,2,0,27.15
12535.9004,44063.94,2025-10-22 03:00:00-05:00,,HB_HOUSTON,14616.64,0.0,72.1,63.33,58.9,0.0,0.0,9.2,1019.0,10.1,36.0,0.0,0.0,2025,10,22,2,3,0,26.42
12370.0996,43701.4645,2025-10-22 04:00:00-05:00,,HB_HOUSTON,15280.79,0.0,70.1,65.58,58.0,0.0,0.0,9.2,1019.0,10.1,34.0,0.0,0.0,2025,10,22,2,4,0,24.85
12622.0996,44813.8994,2025-10-22 05:00:00-05:00,,HB_HOUSTON,15395.03,0.0,69.0,65.45,56.9,0.0,0.0,9.2,1019.0,10.1,33.0,0.0,0.0,2025,10,22,2,5,0,25.18
13100.0,47261.9801,2025-10-22 06:00:00-05:00,,HB_HOUSTON,15407.58,0.0,67.9,65.75,56.0,0.0,0.0,9.2,1019.0,10.1,33.0,0.0,0.0,2025,10,22,2,6,0,28.12
13164.0,48307.7301,2025-10-22 07:00:00-05:00,,HB_HOUSTON,15326.09,7.25,67.0,65.22,54.9,0.0,0.0,9.2,1020.0,10.1,33.0,0.0,0.0,2025,10,22,2,7,0,27.42
13114.7002,48747.2304,2025-10-22 08:00:00-05:00,,HB_HOUSTON,14460.83,216.87,67.9,58.81,53.0,0.0,0.0,10.3,1021.0,10.1,31.0,27.0,0.1,2025,10,22,2,8,0,20.52
14033.2002,52068.35,2025-10-22 09:00:00-05:00,,HB_HOUSTON,11718.41,610.37,69.0,54.83,52.1,0.0,0.0,10.3,1021.0,10.1,25.0,187.0,0.7,2025,10,22,2,9,0,12.48
14353.7002,52996.4693,2025-10-22 10:00:00-05:00,,HB_HOUSTON,9231.41,831.89,72.1,44.11,49.0,0.0,0.0,10.3,1022.0,10.1,21.0,318.0,1.1,2025,10,22,2,10,0,11.23
14662.0996,53980.4597,2025-10-22 11:00:00-05:00,,HB_HOUSTON,8764.71,909.7,74.0,41.26,49.0,0.0,0.0,10.3,1022.0,10.1,21.0,512.0,1.8,2025,10,22,2,11,0,11.31
15038.2002,55580.4708,2025-10-22 12:00:00-05:00,,HB_HOUSTON,8912.0,927.3,74.9,38.45,47.9,0.0,0.0,10.3,1022.0,10.1,21.0,621.0,2.2,2025,10,22,2,12,0,15.21
15551.4004,57616.5003,2025-10-22 13:00:00-05:00,,HB_HOUSTON,8669.01,927.22,78.0,34.74,47.9,0.0,0.0,9.2,1021.0,10.1,20.0,667.0,2.4,2025,10,22,2,13,0,18.47
15792.9004,59587.1406,2025-10-22 14:00:00-05:00,,HB_HOUSTON,8178.53,916.35,80.0,31.47,47.0,0.0,0.0,9.2,1020.0,10.1,17.0,743.0,2.7,2025,10,22,2,14,0,23.58
16021.5,61525.3698,2025-10-22 15:00:00-05:00,,HB_HOUSTON,7695.2,877.69,80.0,31.47,47.0,0.0,0.0,8.1,1020.0,10.1,18.0,669.0,2.4,2025,10,22,2,15,0,24.38
16137.7998,63176.6594,2025-10-22 16:00:00-05:00,,HB_HOUSTON,7133.25,765.82,80.0,32.55,47.9,0.0,0.0,6.9,1019.0,10.1,16.0,532.0,1.9,2025,10,22,2,16,0,24.94
15891.0996,62981.049,2025-10-22 17:00:00-05:00,,HB_HOUSTON,6383.14,490.27,79.1,34.91,49.0,0.0,0.0,6.9,1019.0,10.1,17.0,372.0,1.3,2025,10,22,2,17,0,39.43
15227.0996,60637.6694,2025-10-22 18:00:00-05:00,,HB_HOUSTON,6427.43,101.95,78.0,37.4,49.9,0.0,0.0,6.9,1019.0,10.1,19.0,201.0,0.7,2025,10,22,2,18,0,67.56
14997.5,59234.1898,2025-10-22 19:00:00-05:00,,HB_HOUSTON,8134.74,0.42,74.9,41.4,49.9,0.0,0.0,5.8,1019.0,10.1,22.0,110.0,0.4,2025,10,22,2,19,0,54.93
14525.5996,57621.3299,2025-10-22 20:00:00-05:00,,HB_HOUSTON,10118.75,0.0,72.9,47.93,52.1,0.0,0.0,5.8,1020.0,10.1,22.0,0.0,0.0,2025,10,22,2,20,0,35.5
13984.7998,55275.7004,2025-10-22 21:00:00-05:00,,HB_HOUSTON,11331.55,0.0,71.0,52.97,53.0,0.0,0.0,5.8,1020.0,10.1,22.0,0.0,0.0,2025,10,22,2,21,0,27.82
13275.2002,52573.91,2025-10-22 22:00:00-05:00,,HB_HOUSTON,12064.08,0.0,71.0,52.97,53.0,0.0,0.0,4.7,1020.0,10.1,22.0,0.0,0.0,2025,10,22,2,22,0,24.36
12527.7998,49392.0888,2025-10-22 23:00:00-05:00,,HB_HOUSTON,12368.42,0.0,70.1,58.72,54.9,0.0,0.0,4.7,1019.0,10.1,21.0,0.0,0.0,2025,10,22,2,23,0,21.5
